item,name,startDate,endDate,psid
Q102408924,Sergio Salazar Salazar,1997-09-01,2000-08-31,Q102408924-8005B8E4-A8CA-467B-9A69-5C0BF40577A1
Q106206045,Enrique Ku Herrera,1997-09-01,2000-08-31,Q106206045-700BABFD-CDE9-403C-9B0C-2C540F48B72C
Q106672111,María de la Luz Núñez Ramos,1997-09-01,2000-08-31,Q106672111-68AADDE9-49FE-48C2-B4D9-B6255BB7B817
Q109760958,José Armando Jasso Silva,1997-09-01,2000-08-31,Q109760958-CCB89A79-599C-41EA-8251-72CB9214856B
Q111517108,Maximiano Barboza Llamas,1997-09-01,2000-08-31,Q111517108-9B3DFCF7-4DAF-461C-9A6B-813D8DF31D35
Q111518771,Francisco Javier Santillán Oceguera,1997-09-01,2000-08-31,Q111518771-42ACEB05-C836-4AFE-BAD7-0472EC12222B
Q111518863,Juan Carlos Ruiz García,1997-09-01,2000-08-31,Q111518863-699A06CB-5A0A-4B08-B36E-58DBE13845FB
Q111520228,Felipe de Jesús Rangel Vargas,1997-09-01,2000-08-31,Q111520228-2F54B254-AF15-44EC-96AD-A936390A4F01
Q111521141,Verónica Velasco Rodríguez,1997-09-01,2000-08-31,Q111521141-259D5E17-C2D4-4809-8623-6932A9F77178
Q111523389,Aarón Quiroz Jiménez,1997-09-01,2000-08-31,Q111523389-8FFF54CA-078D-4158-B56E-6CC8A6D9A6A2
Q111523390,Abelardo Perales Meléndez,1997-09-01,2000-08-31,Q111523390-704B7EE2-B138-4CE3-ACCA-A8553D338287
Q111523391,Abenamar de la Fuente Lazo,1997-09-01,2000-08-31,Q111523391-A29AA79B-60DD-4902-8913-9E3E0244DAAE
Q111523392,Abraham González Negrete,1997-09-01,2000-08-31,Q111523392-F5321DC5-7131-44F4-9B75-192DAE32188F
Q111523393,Adalberto Balderrama,1997-09-01,2000-08-31,Q111523393-DA76011E-E492-4589-B4D2-C7A17CC7AC12
Q111523394,Adolfo González Zamora,1997-09-01,2000-08-31,Q111523394-D1825B98-A2CB-450B-8D13-253DAFDC83D3
Q111523395,Adoración Martínez Torres,1997-09-01,2000-08-31,Q111523395-FBEA71EA-56C8-4E1D-B213-6FEECF5E40D7
Q111523396,Agapito Hernández Oaxaca,1997-09-01,2000-08-31,Q111523396-6DCD2089-E35F-4A16-812F-2A9A4E32098B
Q111523397,Agustín Santiago Albores,1997-09-01,2000-08-31,Q111523397-3AAE4068-C40B-4679-AE02-A4CEC938D37F
Q111523398,Alberto Cifuentes Negrete,1997-09-01,2000-08-31,Q111523398-7E42160B-78F3-49C0-8A4D-15FA7CB9B2C0
Q111523399,Alberto González Domene,1997-09-01,2000-08-31,Q111523399-C5EDB376-6217-4290-8D4C-757CF5C86533
Q111523400,Alberto Martínez Miranda,1997-09-01,2000-08-31,Q111523400-DB31EB62-CECB-4C41-B565-FDD2DBDB2F36
Q111523401,Alejandro Alarcón Estrada,1997-09-01,2000-08-31,Q111523401-B2353075-06E6-4FBB-AE4D-CD392779C1C8
Q111523402,Alejandro Ordorica Saavedra,1997-09-01,2000-08-31,Q111523402-8C72BFBD-BF3E-4C65-B5B5-5E552F00A820
Q111523403,Alfonso Carrillo Zavala,1997-09-01,2000-08-31,Q111523403-E5B62826-61A1-43E6-B5E4-6C9C9DF58896
Q111523404,Alfonso Gómez Sandoval,1997-09-01,2000-08-31,Q111523404-3DFAEE75-FAAF-4953-AB07-DFFBB64514D5
Q111523405,Alfonso Sandoval Camuñas,1997-09-01,2000-08-31,Q111523405-45BAF4A8-2973-446B-A105-3030AA1BC9A0
Q111523406,Alfredo Lomelí Rivas,1997-09-01,2000-08-31,Q111523406-DB363831-EB8E-4862-84B9-743DD775B8CD
Q111523407,Alma Angelina Vucovich Seele,1997-09-01,2000-08-31,Q111523407-ADA079A4-7208-48E8-A641-6073745DB9C9
Q111523408,América Soto López,1997-09-01,2000-08-31,Q111523408-951FC8B5-9290-41FE-AD41-102766FEE1AE
Q111523409,Américo Alejandro Ramírez Rodríguez,1997-09-01,2000-08-31,Q111523409-985D25BA-2D96-4C38-B237-8483DBF22D62
Q111523410,Ana Lila Ceballos Trujeque,1997-09-01,2000-08-31,Q111523410-BB6F2D96-EB44-431A-9F12-A49086EE20F1
Q111523411,Anastasio Solís Lezo,1997-09-01,2000-08-31,Q111523411-BC927392-2C56-4BA8-B061-63E866EEF20D
Q111523412,Antonino Galaviz Olais,1997-09-01,2000-08-31,Q111523412-4FF420BF-018D-403F-8608-7F3169202B45
Q111523413,Antonio Cabello Sánchez,1997-09-01,2000-08-31,Q111523413-4184E3CE-B453-4F86-B10D-142714FA2C86
Q111523414,Antonio Esper Bujaidar,1997-09-01,2000-08-31,Q111523414-2615F6A1-1B44-49B8-8977-33E344D15E63
Q111523416,Antonio Lagunas Ángel,1997-09-01,2000-08-31,Q111523416-0745E816-357E-41CA-B121-454BD26C02B0
Q111523417,Antonio Palomino Rivera,1997-09-01,2000-08-31,Q111523417-CCB34DAE-1EA8-4CF8-A59C-7236012CE466
Q111523418,Aquileo Herrera Munguía,1997-09-01,2000-08-31,Q111523418-28A5A2D8-DE37-48D9-86F4-C041F16F2E13
Q111523419,Armando Aguirre Hervis,1997-09-01,2000-08-31,Q111523419-9F91619B-C649-456D-82B4-A6B1A41C8347
Q111523420,Armando Garza Cantú,1997-09-01,2000-08-31,Q111523420-790F3B3F-DF1E-4534-89FF-F85A2570DB76
Q111523421,Armando López Romero,1997-09-01,2000-08-31,Q111523421-B5467606-19D3-47F1-BA35-18772075E32C
Q111523422,Arquímides León Ovando,1997-09-01,2000-08-31,Q111523422-4A89E63A-A05B-4391-9A02-2523BFF9BCCD
Q111523423,Artemio Caamal Hernández,1997-09-01,2000-08-31,Q111523423-81D956C4-8AA6-4592-9405-807274D2BF9D
Q111523424,Arturo Charles Charles,1997-09-01,2000-08-31,Q111523424-A5D214BE-A87D-49CB-9980-D56612A9C1B6
Q111523425,Arturo Jairo García Quintanar,1997-09-01,2000-08-31,Q111523425-27DCB098-A1F2-4506-888E-1353F67E8FE5
Q111523426,Arturo Ontiveros y Romo,1997-09-01,2000-08-31,Q111523426-E24E2043-69B0-42F4-9BDE-5A7EBF61BFBB
Q111523427,Arturo Saiz Calderón García,1997-09-01,2000-08-31,Q111523427-D2BF0204-37AF-4EFB-BE09-25E606524012
Q111523428,Augusto Carrión Álvarez,1997-09-01,2000-08-31,Q111523428-5C1FFD0B-8B63-44AA-8116-7CE2C8300D19
Q111523429,Aurora Bazán López,1997-09-01,2000-08-31,Q111523429-D224DDBE-C92E-41E0-9897-5FA1C1091FFB
Q111523430,Baldemar Dzul Noh,1997-09-01,2000-08-31,Q111523430-C6B444B1-5D83-4705-AFE4-EB9358488957
Q111523431,Baldemar Tudón Martírez,1997-09-01,2000-08-31,Q111523431-73CCF255-E013-4D19-BBB5-CC65FE660403
Q111523432,Benito Mirón Lince,1997-09-01,2000-08-31,Q111523432-A3AEAB85-D956-4D87-9AD6-6B65C29214DC
Q111523433,Bertha Hernández Rodríguez,1997-09-01,2000-08-31,Q111523433-90F67277-AC87-4A06-B16A-2E39142A4085
Q111523434,Blanca Rosa García Galván,1997-09-01,2000-08-31,Q111523434-598F24E9-28B3-4B7D-A02F-0590206ED84C
Q111523435,Bonfilio Peñaloza García,1997-09-01,2000-08-31,Q111523435-62B888B6-3C9D-49E8-B04E-5769617F41DA
Q111523436,Bruno Espejel Basaldúa,1997-09-01,2000-08-31,Q111523436-8CF5AE69-96E3-4408-873C-DFC160BBF52F
Q111523437,Carlos Francisco Arce Macías,1997-09-01,2000-08-31,Q111523437-C8B41842-E7FE-4D67-A249-95C5B9E14FD4
Q111523438,Carlos Jaime Rodríguez Velasco,1997-09-01,2000-08-31,Q111523438-F7F58C25-37B7-42CC-B761-5E2EA19827A4
Q111523439,Carlos Íñiguez Cervantes,1997-09-01,2000-08-31,Q111523439-A3FC2519-E6A8-41CF-BE5E-DE8083D32DA1
Q111523440,Carolina O'farril Tapia,1997-09-01,2000-08-31,Q111523440-A2941871-801E-498B-A9D8-60687E2EA9DB
Q111523441,Cecilia López Rodríguez,1997-09-01,2000-08-31,Q111523441-79857248-677A-47AE-818C-55A94135C45D
Q111523442,Celso Fuentes Ramírez,1997-09-01,2000-08-31,Q111523442-AB3B3CCC-3A35-425B-A881-4C384B58253C
Q111523443,Clarisa Catalina Flores Méndez,1997-09-01,2000-08-31,Q111523443-B1081E9F-2E49-4C5E-97CA-27D255054DD9
Q111523444,Claudia Fragoso López,1997-09-01,2000-08-31,Q111523444-8FD8D088-9A6D-44B0-87A6-D246B948A855
Q111523445,Claudio Guerra López,1997-09-01,2000-08-31,Q111523445-FF0FF2CE-820B-450A-9ADB-5ADA5E11C4FF
Q111523446,Crisógono Sánchez Lara,1997-09-01,2000-08-31,Q111523446-1FF5A5F0-7C71-4A33-BCFC-10C6C5F6B1A1
Q111523447,Cupertino Alejo Domínguez,1997-09-01,2000-08-31,Q111523447-3EDC7296-2B47-400A-83CA-E1108D3256D3
Q111523448,César Agustín Pineda Castillo,1997-09-01,2000-08-31,Q111523448-5FE1E002-FACC-42AB-9488-39245E825AAB
Q111523449,César Lonche Castellanos,1997-09-01,2000-08-31,Q111523449-4CA7FF28-A7A3-4E3B-B281-6ED1781E86FB
Q111523450,Daría Divina Cruz Guillén,1997-09-01,2000-08-31,Q111523450-5FA78AEC-B7CC-4D41-A7F2-2E4D9A690838
Q111523451,David Dávila Domínguez,1997-09-01,2000-08-31,Q111523451-06B1C687-A6D0-4F9B-88E5-3352A21B6474
Q111523452,David Miguel Noyola Martínez,1997-09-01,2000-08-31,Q111523452-C9D87C67-F4A1-46AC-A773-1B6AB37A0977
Q111523453,David Ricardo Cervantes Peredo,1997-09-01,2000-08-31,Q111523453-B95D26D6-B01A-494D-BA1E-50A13038A098
Q111523454,Domingo Yorio Saqui,1997-09-01,2000-08-31,Q111523454-37D7CE23-6533-4717-BA28-9A500A8370BB
Q111523455,Edgar Martín Ramírez Pech,1997-09-01,2000-08-31,Q111523455-8816BCBB-789C-4069-A10B-EF2ACF14F65F
Q111523456,Eduardo Guadalupe Bernal Martínez,1997-09-01,2000-08-31,Q111523456-DEF4C374-7596-4853-9AA8-23D3A8587267
Q111523457,Eduardo Mendoza Ayala,1997-09-01,2000-08-31,Q111523457-5C984E6B-511F-4383-9BCD-AF29DEB08B3E
Q111523458,Efraín Zúñiga Galeana,1997-09-01,2000-08-31,Q111523458-47C69F01-5759-4E05-B268-1DDCC82E9997
Q111523459,Efrén Enríquez Ordóñez,1997-09-01,2000-08-31,Q111523459-86FA85D3-780A-4B77-9825-9AC18AFE3087
Q111523460,Elba Margarita Capuchino Herrera,1997-09-01,2000-08-31,Q111523460-5E30C36B-AE66-4D37-A523-475E67108C42
Q111523461,Elodia Gutiérrez Estrada,1997-09-01,2000-08-31,Q111523461-990D8DED-0539-4820-8DAC-85C2139D75FE
Q111523462,Eloy López Martínez,1997-09-01,2000-08-31,Q111523462-C45D0822-F570-42D1-9ACA-E8A03E3623F8
Q111523463,Emilia García Guzmán,1997-09-01,2000-08-31,Q111523463-022246BB-416E-4FD4-BA16-667AB3A23E42
Q111523464,Enoé González Cabrera,1997-09-01,2000-08-31,Q111523464-B0F6EC2E-E78E-4684-AA1D-69A85E935827
Q111523465,Enrique Gazca Hernández,1997-09-01,2000-08-31,Q111523465-FFADED7C-8484-4AB7-A9AC-5818664B4C4C
Q111523466,Enrique González Isunza,1997-09-01,2000-08-31,Q111523466-0A7EB8A9-C04E-498C-A0A2-9902E82809CB
Q111523467,Enrique Padilla Sánchez,1997-09-01,2000-08-31,Q111523467-5C3CABD7-44D3-47B4-A848-2118E57CD3DA
Q111523468,Enrique Santillán Viveros,1997-09-01,2000-08-31,Q111523468-DF8D39D1-BA9A-4114-B3BA-B5D2362E1879
Q111523469,Eraclio Soberanis Sosa,1997-09-01,2000-08-31,Q111523469-8395BDE3-6A27-4704-9388-A1501C292B52
Q111523471,Ernesto Millán Escalante,1997-09-01,2000-08-31,Q111523471-966C16B0-BD24-47A0-AD0C-778BE7BB394F
Q111523472,Esaú Hernández Herrera,1997-09-01,2000-08-31,Q111523472-6962D13B-AC94-4035-8925-C3257401EF8D
Q111523473,Esperanza Villalobos Pérez,1997-09-01,2000-08-31,Q111523473-AC84C13B-3718-4D0A-A234-9B6F78BEE089
Q111523474,Espiridión Sánchez López,1997-09-01,2000-08-31,Q111523474-E635DE9F-1779-467B-9C97-0A4AA267147E
Q111523475,Everardo Paiz Morales,1997-09-01,2000-08-31,Q111523475-9E26A929-F7EB-4AA9-A6F5-5F4723796507
Q111523476,Ezequiel Campos Sánchez,1997-09-01,2000-08-31,Q111523476-6AB5CA23-4DB8-4C30-B271-C590CFE62290
Q111523477,Fabiola Gallegos Araujo,1997-09-01,2000-08-31,Q111523477-743B423C-71E3-4869-935C-11D73FCA6642
Q111523478,Fabián Pérez Flores,1997-09-01,2000-08-31,Q111523478-7CC36E64-0C88-402C-9D02-093139ADB3B8
Q111523479,Felipe Jarero Escobedo,1997-09-01,2000-08-31,Q111523479-5D5ABE42-55B5-4042-BC5F-A1ECEF91F57D
Q111523480,Felipe Rodríguez Aguirre,1997-09-01,2000-08-31,Q111523480-1A917983-B199-4EBB-ADCD-05DCDE165C26
Q111523481,Felipe Urbiola Ledesma,1997-09-01,2000-08-31,Q111523481-F2F8EC2B-8F18-4C1F-A64A-F736D440CFE3
Q111523482,Felipe de Jesús Manzo Cruz,1997-09-01,2000-08-31,Q111523482-CDCC6C73-D33B-465F-8040-2A5885F7D2C6
Q111523483,Felipe de Jesús Preciado Coronado,1997-09-01,2000-08-31,Q111523483-0DDBA4DE-5760-438B-99FC-B72D049AA0B7
Q111523484,Fernando Castellanos Pacheco,1997-09-01,2000-08-31,Q111523484-5FB4EEC2-130E-4080-BFF3-6BAF10BB8EF8
Q111523485,Fernando Castillo Cervantes,1997-09-01,2000-08-31,Q111523485-901706AC-D4C5-49A7-A536-9BE218CEA29A
Q111523486,Fernando Castro Suárez,1997-09-01,2000-08-31,Q111523486-8BBC33DC-C324-4D4A-8772-4BFB42CEC5AE
Q111523487,Fernando Covarrubias Zavala,1997-09-01,2000-08-31,Q111523487-12E28B5D-801E-49BE-9B10-B135A787B52C
Q111523488,Fernando Hernández Garduño,1997-09-01,2000-08-31,Q111523488-5FD775CA-7257-44B8-9DDC-60D5B3543C4C
Q111523489,Fernando Hernández Mendoza,1997-09-01,2000-08-31,Q111523489-FB1736BA-7EEB-48F2-9514-E4966C431089
Q111523490,Fernando Ortega Herrera,1997-09-01,2000-08-31,Q111523490-9C43F64E-CE5E-4BA9-B6DA-86577D3AE1CD
Q111523491,Fortunado Álvarez Enríquez,1997-09-01,2000-08-31,Q111523491-5326F567-4DCB-4972-A9F2-DDCC3FD0B213
Q111523492,Fortunato Guzmán Rivera,1997-09-01,2000-08-31,Q111523492-2020A337-2D14-484E-93FC-4976EBEAAEA4
Q111523493,Francisco Alonso Escárcega,1997-09-01,2000-08-31,Q111523493-6A189590-D92E-433C-AC9B-54538E737765
Q111523494,Francisco Crescencio Rodríguez García,1997-09-01,2000-08-31,Q111523494-73B2A5E1-3AE9-4671-B7AB-EDD4B2824692
Q111523495,Francisco De Souza Machorro,1997-09-01,2000-08-31,Q111523495-77E8CEFD-7E0D-4B3D-B724-855C2179661A
Q111523496,Francisco Fernández Artega,1997-09-01,2000-08-31,Q111523496-1FA2C0F0-B9EA-4815-B3C1-84960CA6701A
Q111523497,Francisco García Castells,1997-09-01,2000-08-31,Q111523497-B4E88016-1487-4834-82D8-30B14D99BA34
Q111523498,Francisco Guevara Alvarado,1997-09-01,2000-08-31,Q111523498-E058988E-012B-48D1-BE81-BBCA75EBB16C
Q111523499,Francisco Javier Gil Castañeda,1997-09-01,2000-08-31,Q111523499-0579B069-7BCF-46CC-9B0A-DE490DBC2634
Q111523500,Francisco Javier Loyo Ramos,1997-09-01,2000-08-31,Q111523500-39369177-E8D4-4156-8124-B7419A83CD9C
Q111523501,Francisco Javier Martínez Zorrilla,1997-09-01,2000-08-31,Q111523501-B7FAABE4-38B3-4B59-B5BE-3F58BA9A2FDF
Q111523502,Francisco Javier Morales Aceves,1997-09-01,2000-08-31,Q111523502-5D6D97ED-F4B5-49F2-9967-383D24B664DC
Q111523503,Francisco Javier Ponce Ortega,1997-09-01,2000-08-31,Q111523503-68E7E4E6-2DD0-4D5E-85B4-0EC710F5BE1E
Q111523504,Francisco Javier Reynoso Nuño,1997-09-01,2000-08-31,Q111523504-52C9F0AB-4A69-4281-91BC-919BC11CDBE4
Q111523505,Francisco Martínez Ortega,1997-09-01,2000-08-31,Q111523505-DB1FCC73-9523-4448-AC95-4D42F2A894F7
Q111523506,Francisco Ordaz Hernández,1997-09-01,2000-08-31,Q111523506-4053257C-5633-4FDC-B411-E55EB9ADF28D
Q111523507,Francisco Suárez Tánori,1997-09-01,2000-08-31,Q111523507-A5BE4D22-9ADF-40F6-9589-CE7406BC3325
Q111523508,Félix García Hernández,1997-09-01,2000-08-31,Q111523508-32A2D4AC-6246-4088-987E-0D8DA5942A76
Q111523509,Félix Hadad Aparicio,1997-09-01,2000-08-31,Q111523509-9968C5D3-387D-485F-A80E-3F9ED817D3CE
Q111523510,Gabriel Alfonso Andrade Rosas,1997-09-01,2000-08-31,Q111523510-F28ADF3C-89B9-4855-8E75-4960D511DD54
Q111523511,Genaro Alanís de la Fuente,1997-09-01,2000-08-31,Q111523511-4ABF1130-BA36-4090-AC31-002246F20123
Q111523512,Gerardo Acosta Zavala,1997-09-01,2000-08-31,Q111523512-0995E658-19F5-4687-80E9-DE8DA4313795
Q111523513,Gerardo Ramírez Vidal,1997-09-01,2000-08-31,Q111523513-EA539768-0E2B-4964-8EB7-D7A588629702
Q111523515,Germán Ramírez López,1997-09-01,2000-08-31,Q111523515-0B6CD71D-8BFA-4E5F-8803-471CB48927AC
Q111523516,Gilberto Parra Rodríguez,1997-09-01,2000-08-31,Q111523516-011EA435-E036-42A2-946D-B6ABE236F4B9
Q111523517,Gilberto Velasco Rodríguez,1997-09-01,2000-08-31,Q111523517-F9D0ECE7-9A42-4540-82FB-B882311C9890
Q111523518,Gonzalo Augusto de la Cruz,1997-09-01,2000-08-31,Q111523518-DFA27C9B-C4BC-4CB6-B563-0EC31D188779
Q111523519,Gonzalo Morgado Huesca,1997-09-01,2000-08-31,Q111523519-E2F3DAAE-0B27-42D5-B632-FF496B7E911C
Q111523520,Gonzalo Pedro Bárbaro Rojas Arreola,1997-09-01,2000-08-31,Q111523520-98EA5D5C-2645-4D0A-AD6D-7D0826E10D4B
Q111523521,Guadalupe Ramírez Cortés,1997-09-01,2000-08-31,Q111523521-DF5E08DA-C17D-4EEF-9F94-3E82D3CB3A8D
Q111523522,Guadalupe Sánchez Martínez,1997-09-01,2000-08-31,Q111523522-0BBE5ECD-C2EC-4D17-9E6F-16A0EE37A511
Q111523523,Guillermo Barnés García,1997-09-01,2000-08-31,Q111523523-5A8E50F9-67F3-4D50-8785-98DAFFF46050
Q111523524,Guillermo González Martínez,1997-09-01,2000-08-31,Q111523524-7D6D06A8-7788-472B-BF26-59999E50CF28
Q111523525,Guillermo Haro Rodríguez,1997-09-01,2000-08-31,Q111523525-D5F870AC-EF7B-47DC-84FC-B12C76B9AA65
Q111523526,Guillermo Santín Castañeda,1997-09-01,2000-08-31,Q111523526-6ACB6B03-43E3-4102-BDF3-69590CFBED6A
Q111523527,Gustavo Arturo Vicencio Acevedo,1997-09-01,2000-08-31,Q111523527-ECD529B7-D025-49E4-BA94-D6608E788C88
Q111523528,Gustavo Espinosa Plata,1997-09-01,2000-08-31,Q111523528-76665DE8-A966-4784-9089-5123471312AE
Q111523529,Heberto Sánchez Meraz,1997-09-01,2000-08-31,Q111523529-82E9053F-3263-4BA9-A766-D4322B90536B
Q111523530,Horacio Veloz Muñoz,1997-09-01,2000-08-31,Q111523530-40CFBE05-5881-4938-BD02-5D0CD9ED988C
Q111523531,Humberto Serrano Pérez,1997-09-01,2000-08-31,Q111523531-AB05F0A1-3E69-471C-B6D0-7E5DD4BBFF25
Q111523532,Humberto Treviño Landois,1997-09-01,2000-08-31,Q111523532-C4729F8C-C253-483C-A7EB-9AB4FD74CE6D
Q111523533,Hydée García Acedo,1997-09-01,2000-08-31,Q111523533-BBE61A94-AD25-40E4-8E7F-3116C6DD12DC
Q111523534,Héctor Adolfo González Machuca,1997-09-01,2000-08-31,Q111523534-6FDC1C75-EB66-4855-96F6-5E8DAA556C8D
Q111523535,Héctor Flavio Sánchez García,1997-09-01,2000-08-31,Q111523535-7CCBD4FE-670D-4D36-BB31-2F583FA998C6
Q111523537,Héctor Luna de la Vega,1997-09-01,2000-08-31,Q111523537-BC467F10-D252-4FD5-9647-C0642E0FFB1D
Q111523538,Héctor Mayer Soto,1997-09-01,2000-08-31,Q111523538-0BDEB044-C321-4514-B5AD-2E635F08521B
Q111523539,Héctor Valdés Romo,1997-09-01,2000-08-31,Q111523539-166B96FD-BCFD-497F-B503-F9FF10462450
Q111523540,Ignacio Arrieta Aragón,1997-09-01,2000-08-31,Q111523540-60BE124B-71D3-45BF-B57C-039CC522893E
Q111523541,Ignacio García de la Cadena,1997-09-01,2000-08-31,Q111523541-A9B4C6FE-CC14-4911-9D87-12CB53CED3C6
Q111523542,Irma Chedraui Obeso,1997-09-01,2000-08-31,Q111523542-D63DB4F5-9554-4B3E-9A30-C6FAC4FFD8CC
Q111523543,Isabel Villers Aispuro,1997-09-01,2000-08-31,Q111523543-9E042E22-ED69-4BE8-BC04-7E1EA6E93D6F
Q111523544,Isael Petronio Cantú Nájera,1997-09-01,2000-08-31,Q111523544-A349871B-69DC-49F9-95A7-0FD7C58EE536
Q111523545,Israel Hurtado Acosta,1997-09-01,2000-08-31,Q111523545-24685CF5-908A-4B00-977A-55625E23A899
Q111523546,Jacaranda Pineda Chávez,1997-09-01,2000-08-31,Q111523546-63F2D8F9-C1B5-4A48-B0A6-E4BE8032D3B3
Q111523547,Jaime Castro López,1997-09-01,2000-08-31,Q111523547-64B1C5B2-C065-422E-A006-6B8D7FD61CDF
Q111523548,Jaime Hugo Talancón Escobedo,1997-09-01,2000-08-31,Q111523548-744C9A92-1ECA-47CA-A5BD-A537732BC4FA
Q111523549,Javier Algara Cossío,1997-09-01,2000-08-31,Q111523549-1D5A4E85-9B75-405D-A8D1-F0583D1B82D8
Q111523550,Javier Paz Zarza,1997-09-01,2000-08-31,Q111523550-0B3EE39E-E93C-4433-B301-4D2B2A369673
Q111523551,Jesús Arcadio León Estrada,1997-09-01,2000-08-31,Q111523551-66E57727-786E-4E42-9AE7-B3623C63E0CC
Q111523552,Jesús Fernando Espinoza Franco,1997-09-01,2000-08-31,Q111523552-F8BA4206-C23B-44BF-9311-0F3E3BDAE80B
Q111523553,Jesús Flores Carrasco,1997-09-01,2000-08-31,Q111523553-4CB1628F-BA6C-4091-BF73-9A7EAF292FF6
Q111523554,Jesús Gutiérrez Vargas,1997-09-01,2000-08-31,Q111523554-C14F4807-4952-4891-A5C9-9895699889F6
Q111523555,Jesús Higuera Laura,1997-09-01,2000-08-31,Q111523555-209F00EE-2E99-43DD-BF49-05E5C8771BCD
Q111523556,Jesús José Villalobos Sáenz,1997-09-01,2000-08-31,Q111523556-1C634C3E-0BD0-470E-AB3E-EABEFD8BD6F5
Q111523557,Jesús Salvador Olvera Pérez,1997-09-01,2000-08-31,Q111523557-AE6DAAE4-0CD4-4933-A915-03F38064119F
Q111523558,Jesús Samuel Maldonado Bautista,1997-09-01,2000-08-31,Q111523558-C6B4D72A-4BAB-4D41-A10B-2B1DF34255AC
Q111523559,Joaquín Hernández Correa,1997-09-01,2000-08-31,Q111523559-3239B804-DCFD-4904-AEE7-E85EBE32E4A0
Q111523560,Jorge Alejandro Jiménez Taboada,1997-09-01,2000-08-31,Q111523560-C2723A4A-C38A-447F-ABB7-714F0F84FF84
Q111523561,Jorge Canedo Vargas,1997-09-01,2000-08-31,Q111523561-3F222FFA-BF7D-464F-A014-78B3FAFC8C52
Q111523562,Jorge Durán y Chávez,1997-09-01,2000-08-31,Q111523562-72EAAD5F-8B43-48B1-84DD-78E3ABD016FC
Q111523564,Jorge Galo Medina Torres,1997-09-01,2000-08-31,Q111523564-BE5AE56E-9073-4AD8-9F59-3E3C92ABE8C0
Q111523565,Jorge Gómez Mérida,1997-09-01,2000-08-31,Q111523565-9545EA08-5B8B-4AF5-9478-B2BE6EB93E12
Q111523566,Jorge Humberto Zamarripa Rivas,1997-09-01,2000-08-31,Q111523566-338568AC-EB12-4585-BCC3-3EB77EE19383
Q111523567,Jorge León Díaz,1997-09-01,2000-08-31,Q111523567-8342BEDF-5B96-4CFB-8CEF-C36DE2CB1EB1
Q111523568,Jorge López Vergara,1997-09-01,2000-08-31,Q111523568-5549FD72-332F-4F5F-96A8-D14CD1001B35
Q111523569,Jorge Silva Morales,1997-09-01,2000-08-31,Q111523569-24F0242E-FB5A-4160-9CE9-72F24E11E3FE
Q111523570,Jorge Tomás Esparza Carlo,1997-09-01,2000-08-31,Q111523570-D92AE7AF-A1C5-44B6-8642-155B847BEEFD
Q111523571,José Adán Deniz Macías,1997-09-01,2000-08-31,Q111523571-197BB9FD-FCD0-4643-92FA-5787550F9CFC
Q111523572,José Agapito Domínguez Lacroix,1997-09-01,2000-08-31,Q111523572-63606E63-50E4-4D46-998A-D564D81083BA
Q111523573,José Antonio García de Alba,1997-09-01,2000-08-31,Q111523573-B7EA6DC9-0685-4BF3-9D62-E3630414F1E0
Q111523574,José Antonio Herrán Cabrera,1997-09-01,2000-08-31,Q111523574-AE957FB2-BBE7-4867-B341-2CF6491D381F
Q111523575,José Antonio Álvarez Hernández,1997-09-01,2000-08-31,Q111523575-C60B165B-0C7F-44C0-BA5E-F79433DF6B95
Q111523576,José Ernesto Manrique Villarreal,1997-09-01,2000-08-31,Q111523576-AA39C9F6-AD49-4F2C-820B-AD3CDEAF76BC
Q111523577,José García Cerda,1997-09-01,2000-08-31,Q111523577-A2E9C812-F79A-4B30-9FCA-62D18B8D8278
Q111523578,José Gascón Mercado,1997-09-01,2000-08-31,Q111523578-435287DC-2A4F-4E21-88C1-6207F146D41F
Q111523580,José Ignacio Martínez Tadeo,1997-09-01,2000-08-31,Q111523580-B67D5ACF-4E2B-4597-90A4-0E2106E63DFF
Q111523581,José Janitzio Soto Elguera,1997-09-01,2000-08-31,Q111523581-30531F97-7637-4793-84B1-B88331A4A043
Q111523582,José Jesús Montejo Blanco,1997-09-01,2000-08-31,Q111523582-12BBDA9D-5106-415E-8463-932595CCB0E0
Q111523583,José Luis Acosta Herrera,1997-09-01,2000-08-31,Q111523583-8ED1E87A-4B0D-4FB6-93CF-B84ABB91DCB7
Q111523585,José Luis Bárcena Trejo,1997-09-01,2000-08-31,Q111523585-DDC16E21-E88A-4DCE-B7B1-53D9BBEB120E
Q111523586,José Luis Delgado Bravo,1997-09-01,2000-08-31,Q111523586-2EF9C1B1-11C1-4192-A0E4-5D3C0E1F7307
Q111523587,José Luis Enríquez González,1997-09-01,2000-08-31,Q111523587-8377992E-712B-4A66-A7D9-8B09BAF27972
Q111523588,José Luis García Cortés,1997-09-01,2000-08-31,Q111523588-86ECCF11-EA90-467A-BCA2-0D05ADBCBB87
Q111523589,José Luis Lamadrid Sauza,1997-09-01,2000-08-31,Q111523589-2BBE68CE-5273-4787-ADC5-1B36784DB9F7
Q111523590,José Luis López López,1997-09-01,2000-08-31,Q111523590-E05D4CFB-0760-40B4-A4C5-9DD9DD9C9D94
Q111523591,José Luis Pavón Vinales,1997-09-01,2000-08-31,Q111523591-58B43CDE-42E3-4571-91A3-ACC7758F44EC
Q111523592,José Luis Sánchez Campos,1997-09-01,2000-08-31,Q111523592-BB31B4D0-131F-4A87-B9D7-DBF8721BFCE8
Q111523593,José Octavio Díaz Reyes,1997-09-01,2000-08-31,Q111523593-F6B534AD-62F0-4101-910B-0365B0C83ABF
Q111523594,José Olvera Acevedo,1997-09-01,2000-08-31,Q111523594-CCDA739E-92DE-4448-8CE4-7B7570B415C7
Q111523595,José Pascual Grande Sánchez,1997-09-01,2000-08-31,Q111523595-CCD0D01C-B5F2-4BF1-B1F8-285085E80ED4
Q111523596,José Ricardo Fernández Candia,1997-09-01,2000-08-31,Q111523596-D971FCF4-D004-406A-9224-72BAA4AE9EF2
Q111523597,José Ricardo Ortiz Gutiérrez,1997-09-01,2000-08-31,Q111523597-866FA26E-C4C6-47BD-8162-686636E6CD67
Q111523598,José Villarreal Navarro,1997-09-01,2000-08-31,Q111523598-C2A4EB12-68DE-4C7F-8BC3-6CFB9F09112C
Q111523599,José de Jesús García León,1997-09-01,2000-08-31,Q111523599-D3DFC6DE-8F1C-4351-AB2C-A73A62F44CA5
Q111523600,José de Jesús Torres León,1997-09-01,2000-08-31,Q111523600-9C0221AF-B7FB-49A4-B485-FBBD18640CA2
Q111523601,José del Carmen Enríquez Rosado,1997-09-01,2000-08-31,Q111523601-E693BAD4-E06B-4B9A-8EF3-A7502E8D285D
Q111523602,José Ángel Frauto Ortiz,1997-09-01,2000-08-31,Q111523602-6A9CD6D7-C28C-4FBE-A63F-0CECF93A4D1A
Q111523603,Juan Antonio Prats García,1997-09-01,2000-08-31,Q111523603-8EDAE00C-EC26-4F05-B6B1-7B866ADE21B7
Q111523604,Juan Arizmendi Hernández,1997-09-01,2000-08-31,Q111523604-836BCDD3-5A12-48AF-B620-8160A42622C3
Q111523605,Juan Báez Rodríguez,1997-09-01,2000-08-31,Q111523605-EA057766-EDB5-48BB-B9C5-B3F724B1E0A7
Q111523606,Juan Carlos Espina Von Roehrich,1997-09-01,2000-08-31,Q111523606-AAA1B875-3D0A-4D2A-9DDC-BEBE1C5E5932
Q111523607,Juan Carlos Gutiérrez Fragoso,1997-09-01,2000-08-31,Q111523607-C9BA2750-E55C-4FF5-B565-AB6B4AB84DBF
Q111523608,Juan Carlos Gómez Aranda,1997-09-01,2000-08-31,Q111523608-6A7D95BC-1187-4756-95F3-F8160446B5ED
Q111523609,Juan Cristóbal Céspedes,1997-09-01,2000-08-31,Q111523609-E30A6C56-804D-441D-8EDF-AFD2C181BEA8
Q111523610,Juan Ignacio Fuentes Larios,1997-09-01,2000-08-31,Q111523610-20FC711D-95FD-457E-8B3D-A868E4DF93C5
Q111523611,Juan Jaramillo Fricas,1997-09-01,2000-08-31,Q111523611-004E246C-A7D5-4272-A7DD-8DC95DAB6CA8
Q111523612,Juan José Castro Justo,1997-09-01,2000-08-31,Q111523612-EC77B544-994E-486F-BC8B-686AA1D9C8BB
Q111523613,Juan José García de Alba,1997-09-01,2000-08-31,Q111523613-A7274B30-CCA1-4C39-9578-7F529C57B6B3
Q111523614,Juan José García de Quevedo,1997-09-01,2000-08-31,Q111523614-02149505-BBAF-44A9-A71F-A7AC7674910A
Q111523615,Juan José González Davar,1997-09-01,2000-08-31,Q111523615-29C42BA5-03EF-4742-993B-210F1C1069DB
Q111523616,Juan Manuel Félix León,1997-09-01,2000-08-31,Q111523616-BDA5E020-C22C-4955-B37F-D61378303F18
Q111523617,Juan Marcos Gutiérrez González,1997-09-01,2000-08-31,Q111523617-A8EB4958-0241-4D48-B900-25984FD0CFFD
Q111523618,Juan Miguel Alcántara Soria,1997-09-01,2000-08-31,Q111523618-C4E9FB6B-A151-4D91-A3C1-AE2D778E90D4
Q111523619,Juan Moisés Callejas Castañón,1997-09-01,2000-08-31,Q111523619-F66D3D3A-B368-46B0-98E1-86B8DBAFB9E1
Q111523620,Juan Óscar Trinidad Palacios,1997-09-01,2000-08-31,Q111523620-37BA28F8-5392-45F9-9E4B-625F3BB2F6D8
Q111523621,Juana González Ortiz,1997-09-01,2000-08-31,Q111523621-10FAB926-3983-4CFA-BC38-DFC8A6E8F5B6
Q111523622,Julieta Gallardo Mora,1997-09-01,2000-08-31,Q111523622-97E68AE7-0907-46C0-88F4-6F7FB72A7458
Q111523623,Julio Castrillón Valdés,1997-09-01,2000-08-31,Q111523623-0C2062B5-A778-4490-B5DC-10A98F7B9BDC
Q111523624,Julio Faesler Carlisle,1997-09-01,2000-08-31,Q111523624-8E938973-A912-4F51-A332-C40F79CBCEC5
Q111523625,Justiniano Guzmán Reyna,1997-09-01,2000-08-31,Q111523625-00B12E65-A5B6-4150-8816-8C88F2A9C706
Q111523626,Leonardo García Camarena,1997-09-01,2000-08-31,Q111523626-541C7F79-12F0-41D0-970F-DE66D19C081C
Q111523627,Leticia Villegas Nava,1997-09-01,2000-08-31,Q111523627-8A9DF395-B47F-4B48-896E-C69610C15197
Q111523628,Lino Cárdenas Sandoval,1997-09-01,2000-08-31,Q111523628-806A7303-A2BA-4233-8E64-26BFE56BF10A
Q111523629,Lourdes Angelina Muñoz Fernández,1997-09-01,2000-08-31,Q111523629-2BB5BCB3-9931-47DB-9EBF-DCF30FE244F7
Q111523630,Luis David Gálvez Gasca,1997-09-01,2000-08-31,Q111523630-06F6CA2C-D987-49F0-9486-B35EE629B7F2
Q111523631,Luis Fernando González Corona,1997-09-01,2000-08-31,Q111523631-BC8961CE-0A7A-420F-AA33-C904A1D5D3DD
Q111523632,Luis Guillermo Villanueva Valdovinos,1997-09-01,2000-08-31,Q111523632-D11D7387-0B6C-4AAD-9964-3223BC08C2B4
Q111523633,Luis Meneses Murillo,1997-09-01,2000-08-31,Q111523633-92CBEC38-1E9B-45D9-AC22-BAE52910C7F8
Q111523634,Luis Patiño Pozas,1997-09-01,2000-08-31,Q111523634-CD01140B-4AF6-441C-86A0-EDC413DFBC83
Q111523635,Luis Rojas Chávez,1997-09-01,2000-08-31,Q111523635-5126A92B-5D84-4933-B5F7-5A23A64BBD8B
Q111523636,Luis Velázquez y Jaacks,1997-09-01,2000-08-31,Q111523636-77227E38-BBD1-403E-912B-D95F509A82DA
Q111523637,Luz del Carmen López,1997-09-01,2000-08-31,Q111523637-53881929-BC47-47D1-B821-C261DD28C019
Q111523638,Ma. Adelaida De la Cruz Moreno,1997-09-01,2000-08-31,Q111523638-C85236A6-BBCD-4C7F-A98B-53F03D91ABE4
Q111523639,Ma. Gloria Bernardita Ocampo Aranda,1997-09-01,2000-08-31,Q111523639-3649F970-0DDA-4895-92AD-A48EAF586BAF
Q111523640,Ma. Victoria Peñaloza Izazaga,1997-09-01,2000-08-31,Q111523640-ACA4F11B-458E-4F15-9C4C-FFBB022C9FDF
Q111523641,Manuel Cornelio Peñuñuri Noriega,1997-09-01,2000-08-31,Q111523641-9630C3CA-E2AB-4313-B93B-FC091003A9EB
Q111523642,Manuel González Espinoza,1997-09-01,2000-08-31,Q111523642-FC97CB81-5235-4ECA-B763-3164FB51C7C0
Q111523643,Manuel Pérez García,1997-09-01,2000-08-31,Q111523643-020807C5-30F0-4091-8099-B8819D1B7EDF
Q111523644,Marcelino Díaz de Jesús,1997-09-01,2000-08-31,Q111523644-00A69C1A-5ECA-4265-96D2-AF11D4863685
Q111523645,Marcelo Hernández Huerta,1997-09-01,2000-08-31,Q111523645-52D926E2-9003-4E8F-89B9-49C70EBB43EF
Q111523646,Marco Antonio Fernández,1997-09-01,2000-08-31,Q111523646-E856026C-994D-4FAC-B07A-D0A8CB6102A4
Q111523647,Margarita Pérez Gavilán Torres,1997-09-01,2000-08-31,Q111523647-286CE4F2-4D3F-4FE1-AA39-A2137B8F9890
Q111523648,Mariano Sánchez Farías,1997-09-01,2000-08-31,Q111523648-2C05D7A5-193C-4B24-B61E-BFB328CB0981
Q111523649,Mario Elías Moreno Navarro,1997-09-01,2000-08-31,Q111523649-F7D6926A-F508-443F-86A5-CEB4B43278E8
Q111523650,Marlene Catalina Herrera Díaz,1997-09-01,2000-08-31,Q111523650-3590AE59-8393-4D28-A7D8-2B20A6AD57A7
Q111523651,Martha Dalia Gastélum Valenzuela,1997-09-01,2000-08-31,Q111523651-D275AD4A-82B7-4690-82AF-3D488CDEAA97
Q111523652,Martha Elena Ortiz Guerrero,1997-09-01,2000-08-31,Q111523652-5D9C7D26-6E77-46BC-9900-A7B5F8AA4FD4
Q111523653,Martha Irene Luna Calvo,1997-09-01,2000-08-31,Q111523653-8BC44D89-F33D-4720-B06B-AC7BD5FC793C
Q111523654,Martha Laura Carranza Aguayo,1997-09-01,2000-08-31,Q111523654-CCE2A9DA-797D-471D-BBB9-184DEE2B7CD8
Q111523655,Martín Contreras Rivera,1997-09-01,2000-08-31,Q111523655-140681F9-4DDB-4B6F-942E-47AD77AF3A4D
Q111523658,Martín Matamoros Castillo,1997-09-01,2000-08-31,Q111523658-8DA8F454-28A6-4134-8EEF-809E67C0BCFC
Q111523659,Martín Mora Aguirre,1997-09-01,2000-08-31,Q111523659-EE596718-25AC-4361-A166-508C01181B8C
Q111523660,María Antonia Durán López,1997-09-01,2000-08-31,Q111523660-2FAA2CE3-191C-4F67-9BEF-DB43F6DB7BEF
Q111523662,María Elena Cruz Muñoz,1997-09-01,2000-08-31,Q111523662-1ACF7F7E-D604-440D-879B-B61BDE4D730E
Q111523663,María Estrella Vázquez Osorno,1997-09-01,2000-08-31,Q111523663-654131D7-763D-4005-96AA-814B514A5D8A
Q111523664,María Guadalupe Francisca Martínez Cruz,1997-09-01,2000-08-31,Q111523664-13D9B1A8-DD1B-4E9F-89C6-F548FDC94999
Q111523665,María Martha Veyna Soriano,1997-09-01,2000-08-31,Q111523665-A69F6F99-DEAC-41AC-9294-8D60FA7E5FE7
Q111523666,María Trinidad Emma Salinas López,1997-09-01,2000-08-31,Q111523666-5796FA94-A472-4331-A5ED-2BFF09E7C078
Q111523667,María Verónica Muñoz Parra,1997-09-01,2000-08-31,Q111523667-E4E762A4-F508-4AC5-81DD-8C852E9D9CF4
Q111523668,María de la Soledad Baltazar Segura,1997-09-01,2000-08-31,Q111523668-3CA417B2-ECEB-4115-B1EB-EFB48A665054
Q111523669,María de los Ángeles Gaytán Contreras,1997-09-01,2000-08-31,Q111523669-CFD4F6D5-E9B4-4AF5-9D44-932CE2D59151
Q111523670,María del Carmen Corral Romero,1997-09-01,2000-08-31,Q111523670-E5202362-A3E8-45A2-B8FE-9B8D231DA3DA
Q111523671,María del Carmen Díaz Amador,1997-09-01,2000-08-31,Q111523671-BEA529E7-E3C6-4149-ADF0-E38BA66A090A
Q111523672,María del Carmen Escobedo Pérez,1997-09-01,2000-08-31,Q111523672-49F786CD-5E88-4AA2-8D67-1ABF0328A10F
Q111523673,María del Carmen Moreno Contreras,1997-09-01,2000-08-31,Q111523673-B6DC2198-BCF6-4D76-83FA-31655F1702E0
Q111523674,María del Pilar Guadalupe Valdés y González Salas,1997-09-01,2000-08-31,Q111523674-12759379-CA88-4FB0-B83B-37DF94CEC8A4
Q111523675,María del Rocío Citlali Marín Torres,1997-09-01,2000-08-31,Q111523675-9D9E8E2B-E039-4870-8AA1-9F3E78049215
Q111523676,María del Socorro Aubry Orozco,1997-09-01,2000-08-31,Q111523676-2B368A9E-0F34-4E0C-9F6D-405737F67C9A
Q111523677,María del Socorro May López,1997-09-01,2000-08-31,Q111523677-F3A90F23-219B-4582-BBCA-B796AF643E9B
Q111523680,Mauricio Alejandro Rossell Avitia,1997-09-01,2000-08-31,Q111523680-5B64E5F3-7B64-46A8-91F1-01C36A469831
Q111523682,Miguel Sadot Sánchez Carreño,1997-09-01,2000-08-31,Q111523682-1BC9573D-1CC5-402A-8985-92B38428337F
Q111523683,Miguel Villarreal Díaz,1997-09-01,2000-08-31,Q111523683-996A4D75-A1E4-4D8B-AC1C-61F21D9E38B0
Q111523685,Miguel Ángel Garza Vázquez,1997-09-01,2000-08-31,Q111523685-3B17B28B-A7D1-4AC4-B0BE-1C60E23B6255
Q111523686,Miguel Ángel Quiroz Pérez,1997-09-01,2000-08-31,Q111523686-C7F2BCCC-4A75-46CB-B8BF-8A4DF3898D93
Q111523687,Mónica García Velázquez,1997-09-01,2000-08-31,Q111523687-0A1D6784-B68C-451B-A138-C51EB4411DDF
Q111523688,Nicolás Jiménez Carrillo,1997-09-01,2000-08-31,Q111523688-366732A6-2A4C-427E-9CFD-7D4A7D527FEA
Q111523689,Norberto Sántiz López,1997-09-01,2000-08-31,Q111523689-9EF11CD8-D37E-42A0-A5FA-3B13641BC3EE
Q111523690,Norma Delia Uresti Narváez,1997-09-01,2000-08-31,Q111523690-4D9C9345-0729-4658-AEA0-07A5A9EB535D
Q111523691,Norma Gabriela Argaiz Zurita,1997-09-01,2000-08-31,Q111523691-2FDB233E-A7BB-4C92-AC38-37E6058EA261
Q111523692,Noé Paredes Salazar,1997-09-01,2000-08-31,Q111523692-DB98AB30-D566-432B-AECD-8F148EE763F8
Q111523693,Octavio Hernández Calzada,1997-09-01,2000-08-31,Q111523693-90E23017-A6A3-44BC-9804-067960D4F6F1
Q111523694,Odórico Vázquez Bernal,1997-09-01,2000-08-31,Q111523694-BF305094-2FC5-4736-9FE1-E2716019DCE0
Q111523695,Olga Medina Serrano,1997-09-01,2000-08-31,Q111523695-515F4CA8-61DF-4B68-8447-C1506B08DB77
Q111523696,Omar Díaz González Roca,1997-09-01,2000-08-31,Q111523696-5DF5C9F7-B5FB-4DA5-B69F-CF1BD7B64814
Q111523697,Omar Álvarez Arronte,1997-09-01,2000-08-31,Q111523697-12249C8A-4301-494D-AA09-6D34E18C7A9F
Q111523698,Orlando Arvizu Lara,1997-09-01,2000-08-31,Q111523698-C691D14A-5219-4E08-810E-7EDFD07595F8
Q111523699,Pablo Gutiérrez Jiménez,1997-09-01,2000-08-31,Q111523699-1EC412D3-0AA2-40EA-9AA0-64A783139070
Q111523700,Patricia Espinosa Torres,1997-09-01,2000-08-31,Q111523700-299EEACB-0E65-480E-BB77-3245B30D5CF3
Q111523701,Pedro Magaña Guerrero,1997-09-01,2000-08-31,Q111523701-C2B6974C-34FB-4469-B504-A46450B6158C
Q111523702,Pedro Salcedo García,1997-09-01,2000-08-31,Q111523702-03CC3327-0EA4-4830-861D-32D8B0239DEE
Q111523703,Pilar Cabrera Hernández,1997-09-01,2000-08-31,Q111523703-10C755C3-B12C-409C-9372-4EC26B2AEE8E
Q111523705,Pioquinto Damián Huato,1997-09-01,2000-08-31,Q111523705-2335C731-4BE5-4CFA-AD10-2F1904BA028A
Q111523706,Plutarco García Jiménez,1997-09-01,2000-08-31,Q111523706-06DBFF32-C32B-457E-BF8E-CAA0FECD81FF
Q111523707,Porfirio Durán Reveles,1997-09-01,2000-08-31,Q111523707-D7006C43-CE6B-479B-9386-A93FE42839FD
Q111523708,Primitivo Ortega Olays,1997-09-01,2000-08-31,Q111523708-08E1AD1A-5687-4B62-A0E3-5BAAD20958E2
Q111523709,Rafael Alberto Castilla Peniche,1997-09-01,2000-08-31,Q111523709-C783759A-78F7-47CF-AD89-5CD926211349
Q111523710,Rafael Spinoso Foglia,1997-09-01,2000-08-31,Q111523710-F49E05A6-A60D-41F5-89F8-CF1751455C15
Q111523711,Ramón Félix Santini Pech,1997-09-01,2000-08-31,Q111523711-254CA0A5-AD2C-4E29-9B1F-31C98A58CB7F
Q111523712,Ramón Hernández Toledo,1997-09-01,2000-08-31,Q111523712-B0011CE7-86C0-430B-805A-227FAC787217
Q111523713,Ramón María Nava González,1997-09-01,2000-08-31,Q111523713-1203268D-E60E-4264-9354-629655756253
Q111523714,Ranulfo Tonche Pacheco,1997-09-01,2000-08-31,Q111523714-3478F1AE-537F-4AA8-A9E2-F6DC02F45EBF
Q111523715,Raúl Martínez Almazán,1997-09-01,2000-08-31,Q111523715-19C91B6F-4F4D-4EBD-8444-53F6B84709C6
Q111523716,Raúl Monjaras Hernández,1997-09-01,2000-08-31,Q111523716-4580BE6A-FA1D-4274-ABEB-95BFB7EA46FC
Q111523717,Ricardo Armenta Beltrán,1997-09-01,2000-08-31,Q111523717-2C3E7B0C-D497-4A5B-94C6-DF87A5812ED3
Q111523718,Ricardo Castillo Peralta,1997-09-01,2000-08-31,Q111523718-67F975CF-C009-42ED-AA2B-928E4E199A0A
Q111523719,Roberto Castilla Hernández,1997-09-01,2000-08-31,Q111523719-EAC3E7BF-BC1D-41D9-B832-1C1FFF7C9D23
Q111523720,Roberto Ramírez Villarreal,1997-09-01,2000-08-31,Q111523720-498A65D0-4A06-4AC3-B004-E7C991317B4C
Q111523721,Rocío del Carmen Morgan Franco,1997-09-01,2000-08-31,Q111523721-D5598367-8317-438C-944B-CE441C090995
Q111523722,Rodrigo Maldonado Ochoa,1997-09-01,2000-08-31,Q111523722-00C29FE4-6881-4E59-92C0-328B428C3FB6
Q111523723,Rogelio Chabolla García,1997-09-01,2000-08-31,Q111523723-4364A69B-F1F7-4A85-B5F6-74E9D8E8806F
Q111523724,Rosa Colín Lira,1997-09-01,2000-08-31,Q111523724-CEE85F03-D86C-4842-8FA8-E08605D16072
Q111523725,Rosalinda Banda Gómez,1997-09-01,2000-08-31,Q111523725-C8B39F0D-B852-442F-8C3E-6302B9148DBC
Q111523726,Rosalío Hernández Beltrán,1997-09-01,2000-08-31,Q111523726-E7BE1098-08AA-4002-9707-0FB97A0F629D
Q111523727,Roselia Magarita Barajas Olea,1997-09-01,2000-08-31,Q111523727-A29B3DA2-89ED-4797-8CDA-8AE2984724C7
Q111523728,Rubén Rivera Merino,1997-09-01,2000-08-31,Q111523728-CBAA96B3-0E2C-453B-8BD4-EC9867247DE9
Q111523729,Rufino Contreras Velázquez,1997-09-01,2000-08-31,Q111523729-5E358D5C-C25C-4A7C-A0B8-D9280EB30372
Q111523730,Ruperto Alvarado Gudiño,1997-09-01,2000-08-31,Q111523730-187EB822-B192-41A3-B235-93E190C851CB
Q111523731,Sabino Padilla Medina,1997-09-01,2000-08-31,Q111523731-33B6EA0B-6DF2-4318-A324-40F8C8728C7C
Q111523732,Salomón Jauli y Dávila,1997-09-01,2000-08-31,Q111523732-3C5DF61A-E280-44FE-B2B7-079E6D75C625
Q111523733,Salvador Moctezuma Andrade,1997-09-01,2000-08-31,Q111523733-3E0482B5-88A1-4334-A77C-DCED62F625F8
Q111523734,Salvador Ordaz Montes de Oca,1997-09-01,2000-08-31,Q111523734-9BBD2495-E9C8-4ED5-93D8-563E45B8C361
Q111523735,Salvador Rizo Ayala,1997-09-01,2000-08-31,Q111523735-9BC5B140-F22A-4011-8F52-19458B666435
Q111523736,Salvio Herrera Lozano,1997-09-01,2000-08-31,Q111523736-767DF1BB-DB5A-4310-ABF4-9D09CC0B4B4B
Q111523737,Samuel Lara y Villa,1997-09-01,2000-08-31,Q111523737-8C910C39-A9DE-469F-A77B-21778AAB05AE
Q111523738,Sandra Lucía Segura Rangel,1997-09-01,2000-08-31,Q111523738-465A68B7-A8F1-4FB8-9E9F-B9957CFFAD5A
Q111523739,Santiago Padilla Arriaga,1997-09-01,2000-08-31,Q111523739-250AF240-48E5-43E2-A5B4-A1A191BB85E9
Q111523740,Sara Esthela Velázquez Sánchez,1997-09-01,2000-08-31,Q111523740-B1341689-568A-4A76-A1E7-3BD109EDAA79
Q111523741,Saúl Solano Castro,1997-09-01,2000-08-31,Q111523741-5305B864-0118-4EC4-A49F-B2F35CE1A46F
Q111523742,Sergio Benito Osorio Romero,1997-09-01,2000-08-31,Q111523742-C85B63D4-4720-4641-9D0C-EEE576447E8A
Q111523743,Sergio Cruz Aquino,1997-09-01,2000-08-31,Q111523743-AC9F0C26-410B-49BD-BF52-5F7F4ACB4254
Q111523745,Sergio George Cruz,1997-09-01,2000-08-31,Q111523745-C2197A8E-0999-45EF-9B5E-D9A119DCE4C0
Q111523746,Sergio Valdés Arias,1997-09-01,2000-08-31,Q111523746-74B5DBB8-CAF4-4F48-B2A4-23015C4FE5D4
Q111523747,Sergio Ávila Rojas,1997-09-01,2000-08-31,Q111523747-F06B1F97-A132-43FC-BA41-F6688DE65724
Q111523748,Susana Esquivel Farías,1997-09-01,2000-08-31,Q111523748-BFF42C15-C189-46C7-86C2-3D58C04B7BBC
Q111523749,Teobaldo López Huertas,1997-09-01,2000-08-31,Q111523749-84034B6B-7A7B-47FC-9864-51355DBC678F
Q111523750,Teresa Núñez Casas,1997-09-01,2000-08-31,Q111523750-F3A11640-6BFA-4008-8D1B-F0E93CDFF786
Q111523751,Trinidad Escobedo Aguilar,1997-09-01,2000-08-31,Q111523751-6828E13C-A3E7-4D54-8655-216323255895
Q111523752,Vicente Moreno Peralta,1997-09-01,2000-08-31,Q111523752-5F33A262-1BF2-4C13-88FD-BA140CDE82B8
Q111523753,Vicente Santiago de la Cruz,1997-09-01,2000-08-31,Q111523753-BE05832C-2A46-4FEE-AA45-732F58D733DE
Q111523754,Victoriano Guajardo Guajardo,1997-09-01,2000-08-31,Q111523754-97BE6924-854F-4829-AE33-3162C83DCBDB
Q111523755,Violeta Margarita Vázquez Osorno,1997-09-01,2000-08-31,Q111523755-9A361C32-997C-4A10-A62F-511DC8928915
Q111523757,Víctor Alejandro Vázquez Cuevas,1997-09-01,2000-08-31,Q111523757-682F4C3A-BD49-492D-882D-5E9FE9C79296
Q111523758,Víctor Armando Galván Gazcón,1997-09-01,2000-08-31,Q111523758-F1964A67-70B8-4B67-8DB9-D8C0CBFA372D
Q111523759,Víctor Lara González,1997-09-01,2000-08-31,Q111523759-A66B3870-1A72-436D-8EDB-5847D51FD777
Q111523760,Víctor Manuel Carreto Fernández de Lara,1997-09-01,2000-08-31,Q111523760-827B3C20-F93D-42F3-81BF-B91BC6F09FFB
Q111523761,Víctor Manuel López Balbuena,1997-09-01,2000-08-31,Q111523761-1482EA94-138B-49D1-B2BE-249E60C3BA31
Q111523762,Víctor Manuel López Cruz,1997-09-01,2000-08-31,Q111523762-6B41B9E5-B25B-4833-A0F1-8121623D22E9
Q111523763,Wilbert Ebert Chi Góngora,1997-09-01,2000-08-31,Q111523763-FD4E5136-8F4C-4BC3-A412-CC7CEE8DDAF3
Q111523764,Xóchitl Reyes Castro,1997-09-01,2000-08-31,Q111523764-DBE2D21B-6C4B-45CD-8407-BC8B00044F29
Q111523765,Álvaro Arceo Corcuera,1997-09-01,2000-08-31,Q111523765-49A5B4CC-9771-4023-BFB4-E7A855994154
Q111523766,Álvaro López Ríos,1997-09-01,2000-08-31,Q111523766-B3682C55-5F52-4584-8BB4-221F662B001C
Q111523767,Ángel de la Rosa Blanco,1997-09-01,2000-08-31,Q111523767-12B182F0-1428-4A3F-891E-C3AE7C05089B
Q1374595,Ulises Ruiz Ortiz,1997-09-01,2000-08-31,Q1374595-1150EE78-A445-4C00-BD89-89112C9BAA95
Q1396586,Marcelo Ebrard,1997-09-01,2000-08-31,Q1396586-28015136-7D6D-4493-9BE4-3C5815D0473C
Q16104730,Armando Neyra Chávez,1997-09-01,2000-08-31,Q16104730-15FE04F9-8776-404E-A187-79FE16BF789A
Q16105342,Isaías González Cuevas,1997-09-01,2000-08-31,Q16105342-3EE3490D-AA61-4788-8FAD-989B79AC23B5
Q16186420,Angélica de la Peña Gómez,1997-09-01,2000-08-31,Q16186420-5B1485E9-4A2E-4886-8FFA-D626491FC90E
Q16187033,Alberto Curi Naime,1997-09-01,2000-08-31,Q16187033-696B2707-1463-48F5-991B-54B7F5473D2A
Q16193839,Gerardo Sánchez García,1997-09-01,2000-08-31,Q16193839-62A7B2BA-05DD-4053-9865-358B7B3563C5
Q16298110,Felipe de Jesús Cantú Rodríguez,1997-09-01,2000-08-31,Q16298110-647A809A-DBB9-4ECD-8237-5D4C5ED0B83E
Q16442083,Esteban Ángeles Cerón,1997-09-01,2000-08-31,Q16442083-836E2A73-C812-4AE5-B98D-F62DC3FDA2B3
Q16591802,Ramón Mota,1997-09-01,2000-08-31,Q16591802-D8B58A83-F354-43C4-B0E9-86C837B8914E
Q16728214,Ramón Corral Ávila,1997-09-01,2000-08-31,Q16728214-0DEDAC75-2661-4582-AC05-794B8E14BFDF
Q16728226,José Carlos Cota Osuna,1997-09-01,2000-08-31,Q16728226-CB912499-4628-46B7-80AA-CE8597CE326C
Q16728962,Rubén Alfonso Fernández Aceves,1997-09-01,2000-08-31,Q16728962-11F19730-275F-4FF7-9658-CD3A649DF9D6
Q16729204,Laura Alicia Garza Galindo,1997-09-01,2000-08-31,Q16729204-3BDB11C9-58E4-475E-8669-AD1F0772B602
Q16729530,Noemí Guzmán Lagunes,1997-09-01,2000-08-31,Q16729530-6A51848B-58B9-4473-848E-F67A3AD2177F
Q16735146,Lilia Reyes Morales,1997-09-01,2000-08-31,Q16735146-74A1BF53-D856-46A2-B7F5-32DFBCB22FD3
Q16751131,Martha Sofía Tamayo Morales,1997-09-01,2000-08-31,Q16751131-08AE2646-EC46-4470-BD16-5A114B8949ED
Q16751383,Héctor Vicario Castrejón,1997-09-01,2000-08-31,Q16751383-E3147D7E-4BCF-4C6A-A7DB-E0FE0321FA14
Q16910090,José Luis Flores Hernández,1997-09-01,2000-08-31,Q16910090-E6244559-21FC-41AE-B4D9-C80EE58731A8
Q16914041,Manuel García Corpus,1997-09-01,2000-08-31,Q16914041-A14331CC-2546-43EB-B6C8-20ACA6550059
Q17037471,Julián Nazar Morales,1997-09-01,2000-08-31,Q17037471-1212511C-C334-49D3-81EF-90DC246C31C5
Q17037516,Armando Rangel Hernández,1997-09-01,2000-08-31,Q17037516-E9585561-7E21-4E6A-A62E-6E3F9F4E38EB
Q17274816,Cuauhtémoc Salgado Romero,1997-09-01,2000-08-31,Q17274816-0A3A907B-0243-4F75-AD76-112B4F028D7D
Q17305658,Abraham Bagdadi Estrella,1997-09-01,2000-08-31,Q17305658-60123127-DFC8-4532-81FE-DC4221209420
Q17305674,Omar Bazán Flores,1997-09-01,2000-08-31,Q17305674-20837643-275E-45A4-948D-DF65A1B6DFDF
Q17385746,Margarita Chávez Murguía,1997-09-01,2000-08-31,Q17385746-8F145E6B-B2E3-46BE-8188-A545BE328788
Q18204778,Víctor Félix Flores Morales,1997-09-01,2000-08-31,Q18204778-773FC80C-C126-46AF-B6A3-8DD6C1FE6C54
Q18210059,Rafael Sánchez Pérez,1997-09-01,2000-08-31,Q18210059-D1F12866-2097-41C1-A1BC-B69C2A810411
Q18211285,Cristina Portillo Ayala,1997-09-01,2000-08-31,Q18211285-76C18652-DA4F-40EE-A025-B11E193B66EC
Q18216384,Manuel Hernández Gómez,1997-09-01,2000-08-31,Q18216384-BBC43CF1-5111-4700-8824-86EB8696F5C0
Q18217348,Joel Guerrero Juárez,1997-09-01,2000-08-31,Q18217348-253669BF-DF8F-42E3-990A-AC5172F02FF3
Q18217350,Luis Alejandro Guevara Cobos,1997-09-01,2000-08-31,Q18217350-76830508-00CC-4D08-9569-63F32135973D
Q18217776,Jaime Miguel Moreno Garavilla,1997-09-01,2000-08-31,Q18217776-4B585B4C-0DD0-4A29-B2F0-D3FF6E6C8507
Q18217958,Salvador Sánchez Vázquez,1997-09-01,2000-08-31,Q18217958-18CE2C28-F34B-447D-AB14-72E9EE8E30E0
Q18218030,Miguel Ángel Solares Chávez,1997-09-01,2000-08-31,Q18218030-B2FCDF84-F179-4742-8645-D0884FD61A8D
Q18683835,Diego Aguilar,1997-09-01,2000-08-31,Q18683835-15221640-7FFF-47DF-A067-EA0CE08D3752
Q18683842,José Óscar Aguilar González,1997-09-01,2000-08-31,Q18683842-D40FDE69-08F8-4594-956F-ABDD0A112DC6
Q18685211,Manuel Cárdenas Fonseca,1997-09-01,2000-08-31,Q18685211-B14D5A16-0161-42A8-AB7F-FA4D3F116A59
Q1924282,Demetrio Sodi de la Tijera,1997-09-01,2000-08-31,Q1924282-0283AC53-DAFB-49E6-839E-4CF64C1D89A5
Q1938773,Lázaro Cárdenas Batel,1997-09-01,2000-08-31,Q1938773-728A58CD-B1C7-4E46-B457-91D4DF4B4A6D
Q19519337,Leticia Robles Colín,1997-09-01,2000-08-31,Q19519337-91085C9E-3672-4591-83F2-E40E98875381
Q1956741,Porfirio Muñoz Ledo,1997-09-01,2000-08-31,Q1956741-202B5706-5E57-49AA-AB42-94A535AFCB6F
Q19662479,Raquel Cortés López,1997-09-01,2000-08-31,Q19662479-33B46788-6B18-414D-A683-5D9C9284DAE2
Q19771827,Luz Argelia Paniagua,1997-09-01,2000-08-31,Q19771827-6490B7F1-7A71-4D70-8826-BA4294ED06B3
Q20639337,Francisco Vera González,1997-09-01,2000-08-31,Q20639337-2656195B-D3CF-47E8-945E-E3B4EEC87218
Q20664317,Alfredo Phillips Olmedo,1997-09-01,2000-08-31,Q20664317-231B0B60-61A3-4196-95A6-5E05C83A3B2C
Q21036194,José Antonio Estefan Garfias,1997-09-01,2000-08-31,Q21036194-26BB3206-D5DC-41F8-B10E-E3C902421CCF
Q22006813,Dionisio Meade y García de León,1997-09-01,2000-08-31,Q22006813-BBEB4817-3007-4C66-81A2-1AE4CDC53742
Q2231856,Fidel Herrera Beltrán,1997-09-01,2000-08-31,Q2231856-169C4863-2C73-4C0E-A368-74AA7B396E2D
Q2241589,Santiago Creel Miranda,1997-09-01,2000-08-31,Q2241589-BD6BC548-7FF9-496E-81AD-21964F3DE452
Q2313196,Enrique Jackson,1997-09-01,2000-08-31,Q2313196-80C6FE99-48F0-4E5A-B71C-9511A70C1D4D
Q2538498,Carlos Medina Plascencia,1997-09-01,2000-08-31,Q2538498-79B8800F-0778-443E-BA76-5A92D88FF051
Q2552536,Mariano Palacios Alcocer,1997-09-01,2000-08-31,Q2552536-77C099C3-0E13-4268-8B64-49F1DA95909B
Q2579991,Germán Martínez Cázares,1997-09-01,2000-08-31,Q2579991-68B1835D-1DA0-49A1-AD26-AAEC0132B1FB
Q2674250,Emilio González Márquez,1997-09-01,2000-08-31,Q2674250-A412877F-889A-4EFD-A267-A0E692880D48
Q2837177,Juan Antonio Guajardo Anzaldúa,1997-09-01,2000-08-31,Q2837177-E364A677-7EDD-4CF5-B93B-BB03A65C7BF6
Q2880985,Rubén Mendoza Ayala,1997-09-01,2000-08-31,Q2880985-5FECB1F2-E11D-44ED-A7D7-91EA58AAAF39
Q2889415,Rogelio Sada Zambrano,1997-09-01,2000-08-31,Q2889415-490C5EAE-5350-482B-9939-06A03E23D952
Q290301,María Rojo,1997-09-01,2000-08-31,Q290301-7479CFB4-781B-42F1-BFF0-BBC28BC78FD2
Q3064249,Marco Adame Castillo,1997-09-01,2000-08-31,Q3064249-BD8495BE-BBFE-40AB-8BD0-8F557D5001B1
Q3301658,Jorge Emilio González Martínez,1997-09-01,2000-08-31,Q3301658-146F4098-E5CC-47C6-B381-907BE9BFD8BC
Q3369164,Patricio Martínez García,1997-09-01,2000-08-31,Q3369164-24F8A735-090E-4DD6-BC9C-23ADCC2ACC0E
Q3577019,Ángel Sergio Guerrero Mier,1997-09-01,2000-08-31,Q3577019-301FDB3B-8EB2-43D7-8794-E73992A896F6
Q385434,Bernardo Segura,1997-09-01,2000-08-31,Q385434-70CBC9D8-6082-43B2-9E73-C3D300752FDF
Q449329,Beatriz Zavala Peniche,1997-09-01,2000-08-31,Q449329-9D7DDB0E-4041-4532-BA72-CDF8E459A496
Q459827,Patria Jiménez,1997-09-01,2000-08-31,Q459827-B01CA67B-5318-42F8-8AE1-156CD1AFF51E
Q5042172,Carlos Antonio Heredia Zubieta,1997-09-01,2000-08-31,Q5042172-EFB54E16-E968-4779-92D6-060F1CBDAB2B
Q50807443,Enrique Bazañez Trevethan,1997-09-01,2000-08-31,Q50807443-A54405B0-A755-4ADD-8AAB-A5D42461AA5C
Q5125955,Clara Brugada,1997-09-01,2000-08-31,Q5125955-D537EB35-7DFF-4F61-89E1-FCDDB3C29380
Q514605,Pablo Gómez Álvarez,1997-09-01,2000-08-31,Q514605-39DAF473-9F21-461C-9ACB-405766189F5E
Q5379729,Enrique Ibarra Pedroza,1997-09-01,2000-08-31,Q5379729-18EF3E1D-73F4-4C64-8277-70D01A6EC643
Q5410880,Javier Castelo Parada,1997-09-01,2000-08-31,Q5410880-0656ECF3-4108-4208-A3DF-2F2D892AA852
Q5483607,Francisco Luna Kan,1997-09-01,2000-08-31,Q5483607-B1C6A2EC-1865-41E3-8E39-23148F2001F0
Q5550244,Gerardo Buganza Salmerón,1997-09-01,2000-08-31,Q5550244-91809F3F-EF9C-4197-AABC-22F2541C23FE
Q5646294,Alejandro Oaxaca Carreón,1997-09-01,2000-08-31,Q5646294-23E9FDC8-0800-4875-B302-7B4964932B48
Q5649067,Héctor Larios Córdova,1997-09-01,2000-08-31,Q5649067-CFB66229-C7CD-4800-9523-A09605A80086
Q5654524,Carlos Jiménez Macías,1997-09-01,2000-08-31,Q5654524-24523B20-6D4E-4E4F-BDCF-0C946B313B9D
Q5663244,Alberto López Rosas,1997-09-01,2000-08-31,Q5663244-FB44F500-2F8C-4759-9772-DB6C3F2546DB
Q5665076,Alejandro González Yáñez,1997-09-01,2000-08-31,Q5665076-8ECE6C80-952B-4B49-812A-7080C489C709
Q5667123,Alfonso Ramírez Cuéllar,1997-09-01,2000-08-31,Q5667123-3A71C076-ADB0-4C93-AA41-92825BBB4057
Q5668088,Alfredo Villegas Arreola,1997-09-01,2000-08-31,Q5668088-5834A1E8-2DC6-4007-96F3-A0A5EFF84BE6
Q5672701,Amira Gómez Tueme,1997-09-01,2000-08-31,Q5672701-387C9C12-1AD5-4FC6-A02D-DCFBCB52E71B
Q5687450,Silvia Oliva Fragoso,1997-09-01,2000-08-31,Q5687450-8D134D2F-CB68-4D93-89F8-9B0FC3FAA000
Q5698907,Antonio Manríquez Guluarte,1997-09-01,2000-08-31,Q5698907-FB9007DF-0C92-4A56-B81E-88B0FEA4F059
Q5699901,Antonio Soto Sánchez,1997-09-01,2000-08-31,Q5699901-5275989D-200B-412A-B114-1E4D7C971BBE
Q5702183,Aracely Escalante Jasso,1997-09-01,2000-08-31,Q5702183-E5EEB2B1-3A33-4EB6-A711-448D0402B473
Q5703388,Arely Madrid Tovilla,1997-09-01,2000-08-31,Q5703388-E4E0DFB8-E125-4DB4-97A6-4A92D9E7E68D
Q5704455,Armando Chavarría Barrera,1997-09-01,2000-08-31,Q5704455-050F66A8-3642-4925-AE0F-B7D01029E2F3
Q5707383,Arturo Núñez Jiménez,1997-09-01,2000-08-31,Q5707383-B0381F98-1DAA-489F-98B2-5606FF0903D0
Q5726069,Benjamín Gallegos Soto,1997-09-01,2000-08-31,Q5726069-2F866D77-536A-466E-80EA-485AF5F34BC2
Q5726692,Bernardo Bátiz,1997-09-01,2000-08-31,Q5726692-4E09458E-8A57-42D7-8069-449E5DC883CC
Q5733412,Braulio Manuel Fernández Aguirre,1997-09-01,2000-08-31,Q5733412-2803EB22-B45C-448C-A9BC-49B96D3F0C9E
Q5749928,Carlos Camacho Alcázar,1997-09-01,2000-08-31,Q5749928-B6A2F9C0-1BC0-4FA0-9BA0-155B8E4D6131
Q5751070,Carlos Morales Vázquez,1997-09-01,2000-08-31,Q5751070-288465FA-AA48-4106-9017-66764900F1F5
Q5751804,Carlos Sobrino Sierra,1997-09-01,2000-08-31,Q5751804-53F5A5F3-D7F4-4B19-BC86-B066A3D36D0C
Q5793442,Cuauhtémoc Velasco Oliva,1997-09-01,2000-08-31,Q5793442-A46DCECA-AC0E-427E-BD55-6E8FF238271A
Q5796267,César Jáuregui Robles,1997-09-01,2000-08-31,Q5796267-02109CF7-E119-4BB0-A87F-18AEBEF7E9BC
Q5798297,Daniel Díaz Díaz,1997-09-01,2000-08-31,Q5798297-21ED65CD-E5C0-459A-B1A5-726D4D6DD677
Q5803086,Lenia Batres Guadarrama,1997-09-01,2000-08-31,Q5803086-95B88F99-3AD8-4789-989D-9066ADA67B20
Q5829442,Eliher Flores Prieto,1997-09-01,2000-08-31,Q5829442-77B6E8EF-1480-495B-9B73-A8B81ABB31BF
Q5833073,Enrique Bautista Villegas,1997-09-01,2000-08-31,Q5833073-26ef9ac5-4c75-3575-398f-206085b1db7b
Q5846799,Miguel Alonso Raya,1997-09-01,2000-08-31,Q5846799-D8B1E9DC-09D8-48B1-9CCD-9AA0D91DC66E
Q5856859,Fauzi Hamdan,1997-09-01,2000-08-31,Q5856859-61CCE680-D229-4D30-8692-32EF9A66D391
Q5858475,Felipe Vicencio Álvarez,1997-09-01,2000-08-31,Q5858475-4DA2C984-A161-4453-B368-049FF5A389FC
Q5859689,Fernando Gómez Esparza,1997-09-01,2000-08-31,Q5859689-E0330571-751C-4DCA-976A-1C78B4649CA6
Q5861486,Manuel Ángel Núñez Soto,1997-09-01,2000-08-31,Q5861486-D1038D4C-53EA-48FD-AC89-D848D9993CDE
Q5865160,Francisco Arroyo Vieyra,1997-09-01,2000-08-31,Q5865160-BF9905C0-4669-4CE9-9E35-CC24A087619C
Q5866415,Francisco José Paoli Bolio,1997-09-01,2000-08-31,Q5866415-892B9467-BF9D-4B19-83B8-66C473DB00E0
Q5867781,Francisco Xavier Berganza,1997-09-01,2000-08-31,Q5867781-BE72C33A-8464-4826-A57D-6D783B92B562
Q5867789,Francisco Xavier Salazar Díez de Sollano,1997-09-01,2000-08-31,Q5867789-F5B931E4-783C-4962-BC53-5514843AD726
Q5879639,Gilberto López y Rivas,1997-09-01,2000-08-31,Q5879639-DBA4DE21-30EF-4561-AA98-3BD8B7CC2891
Q5881280,Gloria Lavara Mejía,1997-09-01,2000-08-31,Q5881280-38767810-E8B3-434F-A6A4-E43CAD16B8AB
Q5906196,Héctor Guevara Ramírez,1997-09-01,2000-08-31,Q5906196-A1444EC3-AF2D-4A9C-9EA0-89B11DF3970F
Q5927621,Javier Corral Jurado,1997-09-01,2000-03-22,Q5927621-A8051183-70E5-43AA-A4D5-EB580C313878
Q5927812,Javier Guerrero García,1997-09-01,2000-08-31,Q5927812-ADD4AF0A-FE8D-4670-B954-BBAC976B92B8
Q5930182,Jesús González Reyes,1997,2000,Q5930182-d8cc7600-4af5-bcdb-8e99-085832e748f1
Q5932253,Joaquín Montaño Yamuni,1997-09-01,2000-08-31,Q5932253-93C31313-152C-415E-AF26-BB26302E8C5C
Q5932725,Joel Ayala,1997-09-01,2000-08-31,Q5932725-39D6D578-822B-42E2-BA51-ACE49EE3EC8A
Q5935014,Jorge Estefan Chidiac,1997-09-01,2000-08-31,Q5935014-C1EDE945-00FC-4509-9AC1-8ACE2152CC0A
Q5937891,José Antonio Haghenbeck Cámara,1997-09-01,2000-08-31,Q5937891-AD7FB67D-8D61-4132-8274-325A5E6AF8CC
Q5939500,José Espina Von Roehrich,1997-09-01,2000-08-31,Q5939500-B04BC92C-6FE7-47F1-ADC5-E2473996FFE0
Q5941393,José Luis Gutiérrez Cureño,1997-09-01,2000-08-31,Q5941393-6CF482BA-71DA-4744-8254-A9F64E7C62CD
Q5942901,Roberto Albores Guillén,1997-09-01,2000-08-31,Q5942901-9CC71A86-C378-4103-A32B-B9E83A111033
Q5946246,José de Jesús Martín del Campo,1997-09-01,2000-08-31,Q5946246-F6AB454E-2D68-40CA-843E-0CEA4B63A9A7
Q5950207,Juan José Cruz Martínez,1997-09-01,2000-08-31,Q5950207-BAD17C94-EFD2-4BDF-81A4-FA71BEF7F2D7
Q5950473,Juan José Rodríguez Prats,1997-09-01,2000-08-31,Q5950473-3D121D54-3B28-45E7-9102-72ACFA9933E3
Q5951121,Juan Manuel Parás González,1997-09-01,2000-08-31,Q5951121-AD71AEC2-C81E-4459-8F79-0E13B093B9BB
Q5971654,Laura Itzel Castillo,1997-09-01,2000-08-31,Q5971654-48D23B08-D4A2-47D0-8CC2-4895E06A697C
Q5974875,Librado Silva García,1997-09-01,2000-08-31,Q5974875-A8BF97A5-B593-45C3-8244-5EEB07656328
Q5984652,Luisa Cortes Carrillo,1997-09-01,2000-08-31,Q5984652-19311766-1F2D-422F-8203-EBAC2D7C39D2
Q5996486,Marcos Augusto Bucio Mújica,1997-09-01,2000-08-31,Q5996486-CF6BFF00-6DE7-49C1-9468-8F6DF1541308
Q6002158,Martha Palafox Gutiérrez,1997-09-01,2000-08-31,Q6002158-B4E33D03-66A9-40CE-89BB-C739DEFE4863
Q6004321,María Mercedes Maciel Ortiz,1997-09-01,2000-08-31,Q6004321-82B115A3-9B7A-48DF-B56D-63B06BF3042E
Q6010880,Mercedes Juan López,1997-09-01,2000-08-31,Q6010880-5C678FCF-5973-4E74-BB46-D759BA34B649
Q6015641,Miguel Ángel Godínez Bravo,1997-09-01,2000-08-31,Q6015641-52DFC93E-9689-471A-9E96-FDBCAA5BE511
Q6015772,Miguel Ángel Navarro Quintero,1997-09-01,2000-08-31,Q6015772-97270D22-793D-4108-8945-F40FEBE3A901
Q6053099,Orlando Paredes Lara,1997-09-01,2000-08-31,Q6053099-59D9FFB0-3FEA-44C5-8272-7476325141EC
Q6056421,Pablo Sandoval Ramírez,1997-09-01,2000-08-31,Q6056421-42FD201C-6427-4255-9B90-D86A745173AA
Q6097758,Rafael Oceguera Ramos,1997-09-01,2000-08-31,Q6097758-DD7B5589-75AC-45AF-AF9D-243CFD11BF1E
Q6108068,Ricardo Cantú Garza,1997-09-01,2000-08-31,Q6108068-4C1F55B4-B602-4CFC-8E26-6E52A2AC3B39
Q6108202,Ricardo García Sainz,1997-09-01,2000-08-31,Q6108202-25A26642-44B8-4548-8D11-C8825EA2899C
Q6109951,Roberto Pérez de Alva,1997-09-01,2000-08-31,Q6109951-46BDF4BE-2CF7-48ED-92DA-2BAA9E80E6B8
Q6121087,Santiago Pedro Cortés,1997-09-01,2000-08-31,Q6121087-7B588B16-F025-4670-A640-DE631C02898C
Q6153747,Tulio Hernández Gómez,1997-09-01,2000-08-31,Q6153747-2BC70C30-A7C9-4713-AA2C-50D527030649
Q6161122,Vicente Fuentes Díaz,1997-09-01,2000-08-31,Q6161122-3A6D6BC3-B740-4794-A3B4-2A8F5BD28E50
Q6161603,Victorio Montalvo Rojas,1997-09-01,2000-08-31,Q6161603-54A8EFCA-92B3-4911-B195-FA8A5979CE4A
Q6168010,Wintilo Vega,1997-09-01,2000-08-31,Q6168010-AFB63891-2F73-43C8-8B41-7A46BCECE7ED
Q6172780,Álvaro Elías Loredo,1997-09-01,2000-08-31,Q6172780-D12F4B9E-1C42-4F76-AEC3-AF80CC54F617
Q6173021,Ángel Aceves Saucedo,1997-09-01,2000-08-31,Q6173021-4B8E73B9-F2D9-4E83-9FFB-1898BDFC0D6D
Q6174806,Óscar González Rodríguez,1997-09-01,2000-08-31,Q6174806-FB35CD4B-6666-4FA4-9107-BB824E07268E
Q6176160,Jeffrey Jones Jones,1997-09-01,2000-08-31,Q6176160-A9BF0270-6FE0-40DD-A3D9-2912EE119962
Q6299090,Juan Bueno Torio,1997-09-01,2000-08-31,Q6299090-B20BDC61-ABBB-4341-BAA2-F4218C205721
Q69997738,Ignacio Mier Velazco,1997-09-01,2000-08-31,Q69997738-604AA414-B0F5-4BCF-B17B-E54781C1DE78
Q7322581,Ricardo Canavati Tafich,1997-09-01,2000-08-31,Q7322581-031D68A8-FDC8-43ED-9DF5-127FA43D4E9E
Q7322738,Ricardo Monreal Ávila,1997-09-01,2000-08-31,Q7322738-805DE7C4-E27A-45F4-AFBE-5C1F435A0593
Q919981,Dolores Padierna,1997-09-01,2000-08-31,Q919981-F821EB24-0543-4511-A77A-6E689F88CFE2
Q927787,Enrique Martínez y Martínez,1997-09-01,2000-08-31,Q927787-E0719A45-70D8-46DA-BABD-0CB6238881D3
Q971902,Addy Joaquín Coldwell,1997-09-01,2000-08-31,Q971902-E306325D-2311-4FDB-8187-FF5CAF68950A
